"network_name","z_score"
"coex_PNC",3.34682049781851
"HP",6.59604528069732
"MP",7.55565000427733
"ppi_skeletal muscle",4.50194053768359
"reactome_copathway_clean",3.79115837259656
